{"cameraMode":{"drawMode":0,"name":"Shaded","section":"Shading Mode"},"sceneLighting":true,"audioPlay":false,"sceneViewState":{"m_AlwaysRefresh":false,"showFog":true,"showSkybox":true,"showFlares":true,"showImageEffects":true,"showParticleSystems":true,"showVisualEffectGraphs":true,"m_FxEnabled":true},"in2DMode":false,"pivot":{"x":-1.5192543268203736,"y":1.5768388509750367,"z":1.3219304084777833},"rotation":{"x":0.14435863494873048,"y":0.6556529402732849,"z":-0.12970875203609467,"w":0.7297037839889526},"size":0.03819052129983902,"orthographic":false}